﻿<?xml version="1.0" encoding="UTF-8"?>
<manifest identifier="D2L_121233" xmlns:d2l_2p0="http://desire2learn.com/xsd/d2lcp_v2p0" xmlns:scorm_1p2="http://www.adlnet.org/xsd/adlcp_rootv1p2" xmlns="http://www.imsglobal.org/xsd/imscp_v1p1">
    <organizations default="d2l_orgs">
        <organization identifier="d2l_org">
            <item identifier="97666" identifierref="RES_CONTENT_97666" d2l_2p0:id="1" description="" completion_type="2">
                <title>Sample Module</title>
                <item identifier="97667" identifierref="RES_CONTENT_97667" d2l_2p0:id="2" d2l_2p0:resource_code="Dev-1" description="" completion_type="2">
                    <title>quicklink-file-1.html</title>
                </item>
                <item identifier="97668" identifierref="RES_CONTENT_97668" d2l_2p0:id="3" d2l_2p0:resource_code="Dev-2" description="" completion_type="2">
                    <title>quicklink-file-2.html</title>
                </item>
            </item>
        </organization>
    </organizations>
    <resources>
        <resource identifier="RES_CONTENT_97666" type="webcontent" d2l_2p0:material_type="contentmodule" d2l_2p0:link_target="" href="" title="" />
        <resource identifier="RES_CONTENT_97667" type="webcontent" d2l_2p0:material_type="contentlink" d2l_2p0:link_target="" href="https://localhost:3434/content/quicklink/quicklink-file-1.html" title="" />
        <resource identifier="RES_CONTENT_97668" type="webcontent" d2l_2p0:material_type="contentlink" d2l_2p0:link_target="" href="https://localhost:3434/content/quicklink/quicklink-file-2.html" title="" />
        <resource identifier="res_syllabus" type="webcontent" d2l_2p0:material_type="d2lsyllabus" d2l_2p0:link_target="" href="syllabus_d2l.xml" title="" />
    </resources>
</manifest>